{
    "title": "electoral districts",
    "name": "Electoral districts ",
    "description": "27 distinct territorial subdivision for holding elections in Tunisia during 2011 and 2014",
    "version": "0.1.0",
    "licenses": [
        {
            "id": "odc-pddl",
            "url": "http://opendatacommons.org/licenses/pddl/",
            "name": "Public Domain Dedication and License"
        }
    ],
    "resources": [
        {
            "name": "districts",
            "path": "data/districts.geojson",
            "mediatype": "text/json",
            "bytes": 263745
           
        }
    ]
}
